id,method,description,type,header_name,format,example
auth_1,apiKey,String,API_KEY,Authorization,Bearer {token},
auth_2,apiKey,String,API_KEY,Authorization,Bearer {token},
auth_3,apiKey,String,API_KEY,Authorization,Bearer {token},
auth_4,apiKey,String,API_KEY,Authorization,Bearer {token},
auth_5,apiKey,String,API_KEY,Authorization,Bearer {token},
auth_6,token,String,API_KEY,Authorization,Bearer {token},
auth_7,API key,account,API_KEY,Authorization,Bearer {token},
auth_8,apiKey,String,API_KEY,Authorization,Bearer {token},
auth_9,token,List<String>,API_KEY,Authorization,Bearer {token},
auth_10,apiKey,String,API_KEY,Authorization,Bearer {token},
auth_11,apiKey,String,API_KEY,Authorization,Bearer {token},
auth_12,apiKey,String,API_KEY,Authorization,Bearer {token},
auth_13,apiKey,String,API_KEY,Authorization,Bearer {token},
auth_14,apiKey,String,API_KEY,Authorization,Bearer {token},
auth_15,apiKey,String,API_KEY,Authorization,Bearer {token},
auth_16,apiKey,String,API_KEY,Authorization,Bearer {token},
auth_17,apiKey,String,API_KEY,Authorization,Bearer {token},
auth_18,apiKey,String,API_KEY,Authorization,Bearer {token},
auth_19,apiKey,String,API_KEY,Authorization,Bearer {token},
auth_20,apiKey,String,API_KEY,Authorization,Bearer {token},
auth_21,apiKey,String,API_KEY,Authorization,Bearer {token},
auth_22,apiKey,String,API_KEY,Authorization,Bearer {token},
auth_23,apiKey,String,API_KEY,Authorization,Bearer {token},
auth_24,apiKey,String,API_KEY,Authorization,Bearer {token},
auth_25,apiKey,String,API_KEY,Authorization,Bearer {token},
auth_26,apiKey,String,API_KEY,Authorization,Bearer {token},
auth_27,apiKey,String,API_KEY,Authorization,Bearer {token},
auth_28,apiKey,String,API_KEY,Authorization,Bearer {token},
auth_29,API key,account,API_KEY,Authorization,Bearer {token},
auth_30,apiKey,String,API_KEY,Authorization,Bearer {token},
auth_31,API key,account,API_KEY,Authorization,Bearer {token},
auth_32,apiKey,String,API_KEY,Authorization,Bearer {token},
auth_33,apiKey,String,API_KEY,Authorization,Bearer {token},
auth_34,apiKey,String,API_KEY,Authorization,Bearer {token},
auth_35,apiKey,String,API_KEY,Authorization,Bearer {token},
auth_36,apiKey,String,API_KEY,Authorization,Bearer {token},
auth_37,apiKey,String,API_KEY,Authorization,Bearer {token},
auth_38,apiKey,String,API_KEY,Authorization,Bearer {token},
auth_39,apiKey,String,API_KEY,Authorization,Bearer {token},
auth_40,apiKey,String,API_KEY,Authorization,Bearer {token},
auth_41,apiKey,String,API_KEY,Authorization,Bearer {token},
auth_42,apiKey,String,API_KEY,Authorization,Bearer {token},
auth_43,apiKey,String,API_KEY,Authorization,Bearer {token},
auth_44,apiKey,String,API_KEY,Authorization,Bearer {token},
auth_45,apiKey,String,API_KEY,Authorization,Bearer {token},
auth_46,apiKey,String,API_KEY,Authorization,Bearer {token},
auth_47,apiKey,String,API_KEY,Authorization,Bearer {token},
auth_48,token,String,API_KEY,Authorization,Bearer {token},
auth_49,API key,account,API_KEY,Authorization,Bearer {token},
auth_50,apiKey,String,API_KEY,Authorization,Bearer {token},
auth_51,token,List<String>,API_KEY,Authorization,Bearer {token},
auth_52,apiKey,String,API_KEY,Authorization,Bearer {token},
auth_53,token,will be,API_KEY,Authorization,Bearer {token},
auth_54,API key,account,API_KEY,Authorization,Bearer {token},
auth_55,apiKey,String,API_KEY,Authorization,Bearer {token},
auth_56,token,will be,API_KEY,Authorization,Bearer {token},
auth_57,apiKey,String,API_KEY,Authorization,Bearer {token},
auth_58,apiKey,String,API_KEY,Authorization,Bearer {token},
auth_59,apiKey,String,API_KEY,Authorization,Bearer {token},
auth_60,apiKey,String,API_KEY,Authorization,Bearer {token},
auth_61,apiKey,String,API_KEY,Authorization,Bearer {token},
auth_62,apiKey,String,API_KEY,Authorization,Bearer {token},
auth_63,API key,", within the last",API_KEY,Authorization,Bearer {token},
auth_64,apiKey,String,API_KEY,Authorization,Bearer {token},
auth_65,apiKey,String,API_KEY,Authorization,Bearer {token},
auth_66,apiKey,String,API_KEY,Authorization,Bearer {token},
auth_67,apiKey,String,API_KEY,Authorization,Bearer {token},
auth_68,API key,accounts,API_KEY,Authorization,Bearer {token},
auth_69,apiKey,String,API_KEY,Authorization,Bearer {token},
auth_70,API key,account,API_KEY,Authorization,Bearer {token},
auth_71,apiKey,String,API_KEY,Authorization,Bearer {token},
auth_72,API key,account,API_KEY,Authorization,Bearer {token},
auth_73,apiKey,String,API_KEY,Authorization,Bearer {token},
auth_74,apiKey,String,API_KEY,Authorization,Bearer {token},
auth_75,apiKey,String,API_KEY,Authorization,Bearer {token},
auth_76,apiKey,String,API_KEY,Authorization,Bearer {token},
auth_77,apiKey,String,API_KEY,Authorization,Bearer {token},
auth_78,apiKey,String,API_KEY,Authorization,Bearer {token},
auth_79,apiKey,String,API_KEY,Authorization,Bearer {token},
auth_80,apiKey,String,API_KEY,Authorization,Bearer {token},
auth_81,apiKey,String,API_KEY,Authorization,Bearer {token},
auth_82,apiKey,String,API_KEY,Authorization,Bearer {token},
auth_83,apiKey,String,API_KEY,Authorization,Bearer {token},
auth_84,apiKey,String,API_KEY,Authorization,Bearer {token},
auth_85,apiKey,String,API_KEY,Authorization,Bearer {token},
auth_86,apiKey,String,API_KEY,Authorization,Bearer {token},
auth_87,apiKey,String,API_KEY,Authorization,Bearer {token},
auth_88,apiKey,String,API_KEY,Authorization,Bearer {token},
auth_89,apiKey,String,API_KEY,Authorization,Bearer {token},
auth_90,apiKey,String,API_KEY,Authorization,Bearer {token},
auth_91,apiKey,String,API_KEY,Authorization,Bearer {token},
auth_92,apiKey,String,API_KEY,Authorization,Bearer {token},
auth_93,apiKey,String,API_KEY,Authorization,Bearer {token},
auth_94,apiKey,String,API_KEY,Authorization,Bearer {token},
auth_95,apiKey,String,API_KEY,Authorization,Bearer {token},
auth_96,apiKey,String,API_KEY,Authorization,Bearer {token},
auth_97,apiKey,String,API_KEY,Authorization,Bearer {token},
auth_98,apiKey,String,API_KEY,Authorization,Bearer {token},
auth_99,apiKey,String,API_KEY,Authorization,Bearer {token},
auth_100,apiKey,String,API_KEY,Authorization,Bearer {token},
auth_101,apiKey,String,API_KEY,Authorization,Bearer {token},
auth_102,apiKey,String,API_KEY,Authorization,Bearer {token},
auth_103,apiKey,String,API_KEY,Authorization,Bearer {token},
auth_104,API key,/ taskId / vehicleId,API_KEY,Authorization,Bearer {token},
auth_105,apiKey,String,API_KEY,Authorization,Bearer {token},
auth_106,apiKey,String,API_KEY,Authorization,Bearer {token},
auth_107,apiKey,String,API_KEY,Authorization,Bearer {token},
auth_108,apiKey,String,API_KEY,Authorization,Bearer {token},
auth_109,apiKey,String,API_KEY,Authorization,Bearer {token},
auth_110,apiKey,String,API_KEY,Authorization,Bearer {token},
auth_111,apiKey,String,API_KEY,Authorization,Bearer {token},
auth_112,apiKey,String,API_KEY,Authorization,Bearer {token},
auth_113,apiKey,String,API_KEY,Authorization,Bearer {token},
auth_114,apiKey,String,API_KEY,Authorization,Bearer {token},
auth_115,apiKey,String,API_KEY,Authorization,Bearer {token},
auth_116,apiKey,String,API_KEY,Authorization,Bearer {token},
auth_117,apiKey,String,API_KEY,Authorization,Bearer {token},
auth_118,apiKey,String,API_KEY,Authorization,Bearer {token},
auth_119,apiKey,String,API_KEY,Authorization,Bearer {token},
auth_120,API key,/ taskId / vehicleId,API_KEY,Authorization,Bearer {token},
auth_121,apiKey,String,API_KEY,Authorization,Bearer {token},
auth_122,API key,/ taskId / vehicleId,API_KEY,Authorization,Bearer {token},
auth_123,apiKey,String,API_KEY,Authorization,Bearer {token},
auth_124,apiKey,String,API_KEY,Authorization,Bearer {token},
auth_125,apiKey,String,API_KEY,Authorization,Bearer {token},
auth_126,apiKey,String,API_KEY,Authorization,Bearer {token},
auth_127,apiKey,String,API_KEY,Authorization,Bearer {token},
auth_128,apiKey,String,API_KEY,Authorization,Bearer {token},
auth_129,apiKey,String,API_KEY,Authorization,Bearer {token},
auth_130,apiKey,String,API_KEY,Authorization,Bearer {token},
auth_131,apiKey,String,API_KEY,Authorization,Bearer {token},
auth_132,apiKey,String,API_KEY,Authorization,Bearer {token},
auth_133,apiKey,String,API_KEY,Authorization,Bearer {token},
auth_134,apiKey,String,API_KEY,Authorization,Bearer {token},
auth_135,apiKey,String,API_KEY,Authorization,Bearer {token},
auth_136,apiKey,String,API_KEY,Authorization,Bearer {token},
auth_137,apiKey,String,API_KEY,Authorization,Bearer {token},
auth_138,apiKey,String,API_KEY,Authorization,Bearer {token},
auth_139,apiKey,String,API_KEY,Authorization,Bearer {token},
auth_140,Key,Data type,API_KEY,Authorization,Bearer {token},
auth_141,Key,String,API_KEY,Authorization,Bearer {token},
auth_142,Key,Data type,API_KEY,Authorization,Bearer {token},
auth_143,Key,String,API_KEY,Authorization,Bearer {token},
auth_144,Key,Data type,API_KEY,Authorization,Bearer {token},
auth_145,Key,String,API_KEY,Authorization,Bearer {token},
auth_146,Key,Data type,API_KEY,Authorization,Bearer {token},
auth_147,Key,String,API_KEY,Authorization,Bearer {token},
auth_148,Key,Data type,API_KEY,Authorization,Bearer {token},
auth_149,Key,String,API_KEY,Authorization,Bearer {token},
auth_150,token,String,API_KEY,Authorization,Bearer {token},
auth_151,key,account,API_KEY,Authorization,Bearer {token},
auth_152,Key,Data type,API_KEY,Authorization,Bearer {token},
auth_153,Key,String,API_KEY,Authorization,Bearer {token},
auth_154,token,List<String>,API_KEY,Authorization,Bearer {token},
auth_155,Key,Data type,API_KEY,Authorization,Bearer {token},
auth_156,Key,String,API_KEY,Authorization,Bearer {token},
auth_157,Key,String,API_KEY,Authorization,Bearer {token},
auth_158,Key,Data type,API_KEY,Authorization,Bearer {token},
auth_159,Key,String,API_KEY,Authorization,Bearer {token},
auth_160,Key,String,API_KEY,Authorization,Bearer {token},
auth_161,Key,Data type,API_KEY,Authorization,Bearer {token},
auth_162,Key,String,API_KEY,Authorization,Bearer {token},
auth_163,Key,Data type,API_KEY,Authorization,Bearer {token},
auth_164,Key,String,API_KEY,Authorization,Bearer {token},
auth_165,Key,String,API_KEY,Authorization,Bearer {token},
auth_166,Key,Data type,API_KEY,Authorization,Bearer {token},
auth_167,Key,String,API_KEY,Authorization,Bearer {token},
auth_168,Key,Data type,API_KEY,Authorization,Bearer {token},
auth_169,Key,String,API_KEY,Authorization,Bearer {token},
auth_170,Key,Data type,API_KEY,Authorization,Bearer {token},
auth_171,Key,String,API_KEY,Authorization,Bearer {token},
auth_172,Key,Data type,API_KEY,Authorization,Bearer {token},
auth_173,Key,String,API_KEY,Authorization,Bearer {token},
auth_174,Key,Data type,API_KEY,Authorization,Bearer {token},
auth_175,Key,String,API_KEY,Authorization,Bearer {token},
auth_176,Key,Data type,API_KEY,Authorization,Bearer {token},
auth_177,Key,String,API_KEY,Authorization,Bearer {token},
auth_178,Key,Data type,API_KEY,Authorization,Bearer {token},
auth_179,Key,String,API_KEY,Authorization,Bearer {token},
auth_180,Key,Data type,API_KEY,Authorization,Bearer {token},
auth_181,Key,String,API_KEY,Authorization,Bearer {token},
auth_182,Key,Data type,API_KEY,Authorization,Bearer {token},
auth_183,Key,String,API_KEY,Authorization,Bearer {token},
auth_184,Key,Data type,API_KEY,Authorization,Bearer {token},
auth_185,Key,String,API_KEY,Authorization,Bearer {token},
auth_186,Key,Data type,API_KEY,Authorization,Bearer {token},
auth_187,Key,String,API_KEY,Authorization,Bearer {token},
auth_188,Key,Data type,API_KEY,Authorization,Bearer {token},
auth_189,Key,String,API_KEY,Authorization,Bearer {token},
auth_190,Key,Data type,API_KEY,Authorization,Bearer {token},
auth_191,Key,String,API_KEY,Authorization,Bearer {token},
auth_192,Key,String,API_KEY,Authorization,Bearer {token},
auth_193,Key,Data type,API_KEY,Authorization,Bearer {token},
auth_194,Key,String,API_KEY,Authorization,Bearer {token},
auth_195,Key,Data type,API_KEY,Authorization,Bearer {token},
auth_196,Key,String,API_KEY,Authorization,Bearer {token},
auth_197,key,account,API_KEY,Authorization,Bearer {token},
auth_198,Key,Data type,API_KEY,Authorization,Bearer {token},
auth_199,Key,String,API_KEY,Authorization,Bearer {token},
auth_200,key,account,API_KEY,Authorization,Bearer {token},
auth_201,Key,Data type,API_KEY,Authorization,Bearer {token},
auth_202,Key,String,API_KEY,Authorization,Bearer {token},
auth_203,Key,Data type,API_KEY,Authorization,Bearer {token},
auth_204,Key,String,API_KEY,Authorization,Bearer {token},
auth_205,Key,Data type,API_KEY,Authorization,Bearer {token},
auth_206,Key,String,API_KEY,Authorization,Bearer {token},
auth_207,Key,Data type,API_KEY,Authorization,Bearer {token},
auth_208,Key,String,API_KEY,Authorization,Bearer {token},
auth_209,Key,Data type,API_KEY,Authorization,Bearer {token},
auth_210,Key,String,API_KEY,Authorization,Bearer {token},
auth_211,Key,Data type,API_KEY,Authorization,Bearer {token},
auth_212,Key,String,API_KEY,Authorization,Bearer {token},
auth_213,Key,Data type,API_KEY,Authorization,Bearer {token},
auth_214,Key,String,API_KEY,Authorization,Bearer {token},
auth_215,Key,Data type,API_KEY,Authorization,Bearer {token},
auth_216,Key,String,API_KEY,Authorization,Bearer {token},
auth_217,Key,Data type,API_KEY,Authorization,Bearer {token},
auth_218,Key,String,API_KEY,Authorization,Bearer {token},
auth_219,Key,Data type,API_KEY,Authorization,Bearer {token},
auth_220,Key,String,API_KEY,Authorization,Bearer {token},
auth_221,Key,String,API_KEY,Authorization,Bearer {token},
auth_222,Key,""": ""352094089272196"",",API_KEY,Authorization,Bearer {token},
auth_223,Key,varchar(50),API_KEY,Authorization,Bearer {token},
auth_224,Key,Data type,API_KEY,Authorization,Bearer {token},
auth_225,Key,String,API_KEY,Authorization,Bearer {token},
auth_226,Key,Data type,API_KEY,Authorization,Bearer {token},
auth_227,Key,String,API_KEY,Authorization,Bearer {token},
auth_228,Key,Data type,API_KEY,Authorization,Bearer {token},
auth_229,Key,String,API_KEY,Authorization,Bearer {token},
auth_230,Key,Data type,API_KEY,Authorization,Bearer {token},
auth_231,Key,String,API_KEY,Authorization,Bearer {token},
auth_232,Key,Data type,API_KEY,Authorization,Bearer {token},
auth_233,Key,String,API_KEY,Authorization,Bearer {token},
auth_234,Key,Data type,API_KEY,Authorization,Bearer {token},
auth_235,Key,String,API_KEY,Authorization,Bearer {token},
auth_236,token,String,API_KEY,Authorization,Bearer {token},
auth_237,key,account,API_KEY,Authorization,Bearer {token},
auth_238,Key,Data type,API_KEY,Authorization,Bearer {token},
auth_239,Key,String,API_KEY,Authorization,Bearer {token},
auth_240,token,List<String>,API_KEY,Authorization,Bearer {token},
auth_241,Key,Data type,API_KEY,Authorization,Bearer {token},
auth_242,Key,String,API_KEY,Authorization,Bearer {token},
auth_243,token,will be,API_KEY,Authorization,Bearer {token},
auth_244,key,account,API_KEY,Authorization,Bearer {token},
auth_245,Key,Data type,API_KEY,Authorization,Bearer {token},
auth_246,Key,String,API_KEY,Authorization,Bearer {token},
auth_247,token,will be,API_KEY,Authorization,Bearer {token},
auth_248,Key,Data type,API_KEY,Authorization,Bearer {token},
auth_249,Key,String,API_KEY,Authorization,Bearer {token},
auth_250,Key,Data type,API_KEY,Authorization,Bearer {token},
auth_251,Key,String,API_KEY,Authorization,Bearer {token},
auth_252,Key,Data type,API_KEY,Authorization,Bearer {token},
auth_253,Key,String,API_KEY,Authorization,Bearer {token},
auth_254,Key,Data type,API_KEY,Authorization,Bearer {token},
auth_255,Key,String,API_KEY,Authorization,Bearer {token},
auth_256,Key,Data type,API_KEY,Authorization,Bearer {token},
auth_257,Key,String,API_KEY,Authorization,Bearer {token},
auth_258,Key,Data type,API_KEY,Authorization,Bearer {token},
auth_259,Key,String,API_KEY,Authorization,Bearer {token},
auth_260,key,", within the last",API_KEY,Authorization,Bearer {token},
auth_261,Key,Data type,API_KEY,Authorization,Bearer {token},
auth_262,Key,String,API_KEY,Authorization,Bearer {token},
auth_263,Key,""":""000000000000000"",",API_KEY,Authorization,Bearer {token},
auth_264,Key,""":""000000000000001"",",API_KEY,Authorization,Bearer {token},
auth_265,Key,varchar(30),API_KEY,Authorization,Bearer {token},
auth_266,Key,Data type,API_KEY,Authorization,Bearer {token},
auth_267,Key,String,API_KEY,Authorization,Bearer {token},
auth_268,Key,Data type,API_KEY,Authorization,Bearer {token},
auth_269,Key,String,API_KEY,Authorization,Bearer {token},
auth_270,Key,Data type,API_KEY,Authorization,Bearer {token},
auth_271,Key,String,API_KEY,Authorization,Bearer {token},
auth_272,Key,""":""000000000000000"",",API_KEY,Authorization,Bearer {token},
auth_273,Key,""":""000000000000000"",",API_KEY,Authorization,Bearer {token},
auth_274,Key,varchar(30),API_KEY,Authorization,Bearer {token},
auth_275,key,accounts,API_KEY,Authorization,Bearer {token},
auth_276,Key,Data type,API_KEY,Authorization,Bearer {token},
auth_277,Key,String,API_KEY,Authorization,Bearer {token},
auth_278,Key,""":""000000000000000"",",API_KEY,Authorization,Bearer {token},
auth_279,Key,""":""000000000000000"",",API_KEY,Authorization,Bearer {token},
auth_280,Key,varchar(100),API_KEY,Authorization,Bearer {token},
auth_281,key,account,API_KEY,Authorization,Bearer {token},
auth_282,Key,Data type,API_KEY,Authorization,Bearer {token},
auth_283,Key,String,API_KEY,Authorization,Bearer {token},
auth_284,Key,""":""000000000000000"",",API_KEY,Authorization,Bearer {token},
auth_285,Key,""":""111111111111111"",",API_KEY,Authorization,Bearer {token},
auth_286,Key,varchar(255),API_KEY,Authorization,Bearer {token},
auth_287,key,account,API_KEY,Authorization,Bearer {token},
auth_288,Key,Data type,API_KEY,Authorization,Bearer {token},
auth_289,Key,String,API_KEY,Authorization,Bearer {token},
auth_290,Key,""":""000000000000000"",",API_KEY,Authorization,Bearer {token},
auth_291,Key,varchar(100),API_KEY,Authorization,Bearer {token},
auth_292,Key,Data type,API_KEY,Authorization,Bearer {token},
auth_293,Key,String,API_KEY,Authorization,Bearer {token},
auth_294,Key,Data type,API_KEY,Authorization,Bearer {token},
auth_295,Key,String,API_KEY,Authorization,Bearer {token},
auth_296,Key,Data type,API_KEY,Authorization,Bearer {token},
auth_297,Key,String,API_KEY,Authorization,Bearer {token},
auth_298,Key,Data type,API_KEY,Authorization,Bearer {token},
auth_299,Key,String,API_KEY,Authorization,Bearer {token},
auth_300,Key,Data type,API_KEY,Authorization,Bearer {token},
auth_301,Key,String,API_KEY,Authorization,Bearer {token},
auth_302,Key,Data type,API_KEY,Authorization,Bearer {token},
auth_303,Key,String,API_KEY,Authorization,Bearer {token},
auth_304,Key,Data type,API_KEY,Authorization,Bearer {token},
auth_305,Key,String,API_KEY,Authorization,Bearer {token},
auth_306,Key,Data type,API_KEY,Authorization,Bearer {token},
auth_307,Key,String,API_KEY,Authorization,Bearer {token},
auth_308,Key,Data type,API_KEY,Authorization,Bearer {token},
auth_309,Key,String,API_KEY,Authorization,Bearer {token},
auth_310,Key,Data type,API_KEY,Authorization,Bearer {token},
auth_311,Key,String,API_KEY,Authorization,Bearer {token},
auth_312,Key,Data type,API_KEY,Authorization,Bearer {token},
auth_313,Key,String,API_KEY,Authorization,Bearer {token},
auth_314,Key,Data type,API_KEY,Authorization,Bearer {token},
auth_315,Key,String,API_KEY,Authorization,Bearer {token},
auth_316,Key,Data type,API_KEY,Authorization,Bearer {token},
auth_317,Key,String,API_KEY,Authorization,Bearer {token},
auth_318,Key,Data type,API_KEY,Authorization,Bearer {token},
auth_319,Key,String,API_KEY,Authorization,Bearer {token},
auth_320,Key,Data type,API_KEY,Authorization,Bearer {token},
auth_321,Key,String,API_KEY,Authorization,Bearer {token},
auth_322,Key,Data type,API_KEY,Authorization,Bearer {token},
auth_323,Key,String,API_KEY,Authorization,Bearer {token},
auth_324,Key,Data type,API_KEY,Authorization,Bearer {token},
auth_325,Key,String,API_KEY,Authorization,Bearer {token},
auth_326,Key,Data type,API_KEY,Authorization,Bearer {token},
auth_327,Key,String,API_KEY,Authorization,Bearer {token},
auth_328,Key,Data type,API_KEY,Authorization,Bearer {token},
auth_329,Key,String,API_KEY,Authorization,Bearer {token},
auth_330,Key,Data type,API_KEY,Authorization,Bearer {token},
auth_331,Key,String,API_KEY,Authorization,Bearer {token},
auth_332,Key,Data type,API_KEY,Authorization,Bearer {token},
auth_333,Key,String,API_KEY,Authorization,Bearer {token},
auth_334,Key,Data type,API_KEY,Authorization,Bearer {token},
auth_335,Key,String,API_KEY,Authorization,Bearer {token},
auth_336,Key,String,API_KEY,Authorization,Bearer {token},
auth_337,Key,""":""123456789"",",API_KEY,Authorization,Bearer {token},
auth_338,Key,varchar(255),API_KEY,Authorization,Bearer {token},
auth_339,Key,Data type,API_KEY,Authorization,Bearer {token},
auth_340,Key,String,API_KEY,Authorization,Bearer {token},
auth_341,Key,String,API_KEY,Authorization,Bearer {token},
auth_342,Key,Data type,API_KEY,Authorization,Bearer {token},
auth_343,Key,String,API_KEY,Authorization,Bearer {token},
auth_344,Key,String,API_KEY,Authorization,Bearer {token},
auth_345,key,of a telemetry device,API_KEY,Authorization,Bearer {token},
auth_346,Key,Data type,API_KEY,Authorization,Bearer {token},
auth_347,Key,String,API_KEY,Authorization,Bearer {token},
auth_348,Key,String,API_KEY,Authorization,Bearer {token},
auth_349,Key,Data type,API_KEY,Authorization,Bearer {token},
auth_350,Key,String,API_KEY,Authorization,Bearer {token},
auth_351,Key,Data type,API_KEY,Authorization,Bearer {token},
auth_352,Key,String,API_KEY,Authorization,Bearer {token},
auth_353,Key,Data type,API_KEY,Authorization,Bearer {token},
auth_354,Key,String,API_KEY,Authorization,Bearer {token},
auth_355,Key,Data type,API_KEY,Authorization,Bearer {token},
auth_356,Key,String,API_KEY,Authorization,Bearer {token},
auth_357,Key,Data type,API_KEY,Authorization,Bearer {token},
auth_358,Key,String,API_KEY,Authorization,Bearer {token},
auth_359,key,/ taskId / vehicleId,API_KEY,Authorization,Bearer {token},
auth_360,Key,Data type,API_KEY,Authorization,Bearer {token},
auth_361,Key,String,API_KEY,Authorization,Bearer {token},
auth_362,Key,Data type,API_KEY,Authorization,Bearer {token},
auth_363,Key,String,API_KEY,Authorization,Bearer {token},
auth_364,Key,Data type,API_KEY,Authorization,Bearer {token},
auth_365,Key,String,API_KEY,Authorization,Bearer {token},
auth_366,Key,Data type,API_KEY,Authorization,Bearer {token},
auth_367,Key,String,API_KEY,Authorization,Bearer {token},
auth_368,Key,Data type,API_KEY,Authorization,Bearer {token},
auth_369,Key,String,API_KEY,Authorization,Bearer {token},
auth_370,Key,Data type,API_KEY,Authorization,Bearer {token},
auth_371,Key,String,API_KEY,Authorization,Bearer {token},
auth_372,Key,Data type,API_KEY,Authorization,Bearer {token},
auth_373,Key,String,API_KEY,Authorization,Bearer {token},
auth_374,Key,Data type,API_KEY,Authorization,Bearer {token},
auth_375,Key,String,API_KEY,Authorization,Bearer {token},
auth_376,Key,Data type,API_KEY,Authorization,Bearer {token},
auth_377,Key,String,API_KEY,Authorization,Bearer {token},
auth_378,Key,Data type,API_KEY,Authorization,Bearer {token},
auth_379,Key,String,API_KEY,Authorization,Bearer {token},
auth_380,Key,Data type,API_KEY,Authorization,Bearer {token},
auth_381,Key,String,API_KEY,Authorization,Bearer {token},
auth_382,Key,Data type,API_KEY,Authorization,Bearer {token},
auth_383,Key,String,API_KEY,Authorization,Bearer {token},
auth_384,Key,String,API_KEY,Authorization,Bearer {token},
auth_385,Key,Data type,API_KEY,Authorization,Bearer {token},
auth_386,Key,String,API_KEY,Authorization,Bearer {token},
auth_387,Key,Data type,API_KEY,Authorization,Bearer {token},
auth_388,Key,String,API_KEY,Authorization,Bearer {token},
auth_389,Key,Data type,API_KEY,Authorization,Bearer {token},
auth_390,Key,String,API_KEY,Authorization,Bearer {token},
auth_391,key,/ taskId / vehicleId,API_KEY,Authorization,Bearer {token},
auth_392,Key,Data type,API_KEY,Authorization,Bearer {token},
auth_393,Key,String,API_KEY,Authorization,Bearer {token},
auth_394,key,/ taskId / vehicleId,API_KEY,Authorization,Bearer {token},
auth_395,Key,Data type,API_KEY,Authorization,Bearer {token},
auth_396,Key,String,API_KEY,Authorization,Bearer {token},
auth_397,Key,Data type,API_KEY,Authorization,Bearer {token},
auth_398,Key,String,API_KEY,Authorization,Bearer {token},
auth_399,Key,Data type,API_KEY,Authorization,Bearer {token},
auth_400,Key,String,API_KEY,Authorization,Bearer {token},
auth_401,Key,Data type,API_KEY,Authorization,Bearer {token},
auth_402,Key,String,API_KEY,Authorization,Bearer {token},
auth_403,Key,Data type,API_KEY,Authorization,Bearer {token},
auth_404,Key,String,API_KEY,Authorization,Bearer {token},
auth_405,Key,Data type,API_KEY,Authorization,Bearer {token},
auth_406,Key,String,API_KEY,Authorization,Bearer {token},
auth_407,Key,""":""352600000000000"",",API_KEY,Authorization,Bearer {token},
auth_408,Key,""":""352600000000000"",",API_KEY,Authorization,Bearer {token},
auth_409,Key,Data type,API_KEY,Authorization,Bearer {token},
auth_410,Key,String,API_KEY,Authorization,Bearer {token},
auth_411,Key,String,API_KEY,Authorization,Bearer {token},
auth_412,Key,""":""12233344445555"",",API_KEY,Authorization,Bearer {token},
auth_413,Key,""":""12233344445555"",",API_KEY,Authorization,Bearer {token},
auth_414,Key,Data type,API_KEY,Authorization,Bearer {token},
auth_415,Key,String,API_KEY,Authorization,Bearer {token},
auth_416,Key,Data type,API_KEY,Authorization,Bearer {token},
auth_417,Key,String,API_KEY,Authorization,Bearer {token},
auth_418,Key,Data type,API_KEY,Authorization,Bearer {token},
auth_419,Key,String,API_KEY,Authorization,Bearer {token},
auth_420,Key,Data type,API_KEY,Authorization,Bearer {token},
auth_421,Key,String,API_KEY,Authorization,Bearer {token},
auth_422,Key,Data type,API_KEY,Authorization,Bearer {token},
auth_423,Key,String,API_KEY,Authorization,Bearer {token},
auth_424,Key,Data type,API_KEY,Authorization,Bearer {token},
auth_425,Key,String,API_KEY,Authorization,Bearer {token},
auth_426,Key,Data type,API_KEY,Authorization,Bearer {token},
auth_427,Key,Data type,API_KEY,Authorization,Bearer {token},
auth_428,Key,String,API_KEY,Authorization,Bearer {token},
auth_429,Key,Data type,API_KEY,Authorization,Bearer {token},
auth_430,Key,Data type,API_KEY,Authorization,Bearer {token},
auth_431,Key,String,API_KEY,Authorization,Bearer {token},
auth_432,Key,Data type,API_KEY,Authorization,Bearer {token},
auth_433,Key,Data type,API_KEY,Authorization,Bearer {token},
auth_434,Key,String,API_KEY,Authorization,Bearer {token},
auth_435,Key,Data type,API_KEY,Authorization,Bearer {token},
auth_436,Key,String,API_KEY,Authorization,Bearer {token},
